code,n1,n2,n3,n4,n5,n6,n7,n8,n9,n10,n11,n12,n13,n14,n15
0001,2,7,13,17,20,28,32,47,53,60,63,69,74,80,84
0002,5,8,15,16,17,21,27,45,49,55,70,78,79,86,87
0003,1,14,30,31,32,39,40,49,59,63,64,65,74,89,90
0004,14,20,21,22,25,27,30,31,34,62,71,77,79,83,87
0005,5,7,9,19,23,25,27,39,40,41,45,58,63,75,86
0006,6,8,21,25,27,36,38,45,48,49,54,63,77,87,89
0007,11,30,49,50,54,55,60,71,72,75,76,78,82,84,87
0008,2,5,6,10,12,13,18,25,37,58,68,74,76,79,88
0009,3,9,13,16,32,44,48,50,64,65,68,70,78,84,87
0010,6,12,21,22,23,24,26,29,33,41,52,62,69,73,83
0011,2,5,6,10,17,21,22,32,37,45,59,68,82,83,89
0012,6,8,12,16,18,25,28,39,44,46,47,51,61,63,66
0013,2,6,9,13,14,28,34,37,44,51,67,68,73,84,88
0014,3,6,13,15,19,32,37,48,55,59,67,73,76,81,85
0015,2,20,23,25,28,42,44,45,48,51,66,69,77,86,90
0016,5,8,9,14,20,21,23,37,38,45,50,76,81,82,84
0017,6,16,20,23,31,33,34,39,43,48,52,58,76,81,84
0018,8,26,28,32,44,50,57,58,64,66,67,68,80,83,85
0019,14,15,28,29,32,40,44,48,49,51,56,57,67,69,87
0020,1,2,32,36,44,45,48,56,71,73,76,79,82,84,87
0021,10,19,24,27,32,37,41,47,50,53,54,55,57,68,88
0022,3,22,30,33,35,39,49,60,61,67,69,70,73,75,83
0023,2,3,11,12,16,31,36,39,62,64,70,71,76,87,88
0024,7,14,15,18,19,20,24,29,32,33,42,53,63,66,85
0025,4,7,15,18,25,34,39,45,52,56,62,71,79,87,88
0026,6,9,13,17,27,33,34,52,53,55,57,58,65,82,86
0027,14,19,21,26,29,33,34,47,56,57,63,67,69,78,80
0028,3,27,28,40,53,56,61,62,63,64,68,69,70,78,81
0029,3,10,11,17,20,21,26,28,61,63,69,70,85,86,87
0030,17,20,25,29,41,44,52,60,61,63,76,78,80,81,88
0031,1,3,8,14,18,20,32,38,42,48,51,53,60,73,89
0032,5,12,13,16,17,18,24,41,52,53,58,60,75,83,87
0033,2,10,21,27,38,41,42,43,44,48,51,66,74,80,90
0034,3,4,10,12,13,20,24,39,58,67,70,71,72,81,85
0035,8,11,28,34,40,44,50,60,62,65,66,70,71,74,79
0036,12,15,18,20,24,30,32,37,38,40,50,53,64,82,83
0037,9,14,23,39,44,50,59,64,66,76,79,80,81,85,86
0038,2,12,26,36,38,46,50,53,59,67,69,70,75,79,84
0039,12,13,14,16,36,47,49,50,56,65,66,67,71,80,88
0040,6,21,22,26,30,31,32,40,55,57,61,65,69,89,90
0041,6,10,18,20,21,26,27,30,48,51,68,72,78,85,87
0042,1,3,8,18,19,31,32,34,56,58,60,64,72,75,88
0043,4,8,13,21,24,26,37,39,41,43,48,71,72,74,84
0044,1,13,14,26,28,29,35,40,43,45,46,62,71,78,84
0045,2,5,9,21,32,36,40,42,49,50,51,72,82,85,86
0046,5,20,23,34,36,39,41,56,66,67,70,77,84,86,90
0047,5,12,14,15,16,30,34,37,38,56,60,66,69,70,90
0048,1,4,5,7,14,28,38,42,46,59,68,72,75,78,89
0049,7,11,12,16,18,30,32,35,36,38,45,52,56,62,81
0050,8,15,18,19,20,25,30,36,41,44,47,52,54,80,86
0051,3,6,8,9,13,16,21,26,46,51,58,76,77,81,86
0052,2,5,6,8,11,28,33,35,42,61,62,67,68,80,81
0053,5,9,10,13,19,22,25,39,42,47,50,55,62,74,83
0054,2,6,18,32,33,34,42,48,63,71,75,76,78,84,88
0055,4,13,15,17,28,29,31,37,39,45,46,55,62,86,87
0056,12,13,17,18,27,33,37,45,48,49,52,53,62,72,81
0057,10,21,24,25,28,40,44,48,65,67,72,78,83,84,89
0058,14,25,32,34,36,41,45,49,53,60,61,64,75,81,84
0059,5,8,12,18,22,26,27,35,39,47,49,56,59,60,75
0060,14,15,16,49,58,64,66,67,74,75,76,78,82,83,84
0061,4,11,20,25,35,37,39,43,45,52,63,71,72,81,82
0062,11,13,14,26,27,30,38,44,45,47,55,61,79,82,85
0063,11,13,18,23,24,26,36,44,46,62,63,68,82,85,90
0064,5,6,17,19,31,32,33,38,41,51,53,71,72,77,86
0065,1,12,13,28,30,34,39,47,50,53,59,61,65,67,74
0066,5,23,26,28,31,32,33,35,42,47,77,81,84,86,90
0067,3,20,21,26,27,32,42,45,46,59,61,75,78,84,89
0068,2,12,20,22,25,32,39,46,47,49,53,64,67,71,78
0069,6,14,21,25,26,27,32,33,61,71,72,78,79,82,83
0070,6,8,9,19,22,27,30,45,52,54,56,61,62,80,90
0071,7,28,30,37,45,49,53,55,60,66,67,70,71,82,89
0072,4,13,21,25,31,42,47,52,54,55,58,67,70,72,88
0073,1,3,8,23,29,37,42,47,50,53,56,71,77,86,87
0074,1,11,12,13,16,28,33,41,47,51,65,68,74,83,86
0075,14,16,21,23,25,29,51,53,58,67,68,81,87,89,90
0076,10,12,27,30,36,43,51,52,53,54,55,62,64,80,81
0077,1,4,7,28,31,40,48,52,55,65,73,75,81,85,87
0078,8,9,13,30,33,34,35,52,57,63,64,67,79,84,85
0079,2,3,6,7,15,25,38,40,49,62,71,72,73,74,85
0080,1,2,16,29,31,36,38,46,48,69,73,74,83,85,88
0081,10,14,17,18,21,30,37,39,40,55,66,68,69,88,90
0082,7,16,22,27,32,34,35,36,42,50,76,83,84,86,87
0083,6,7,9,11,15,16,28,29,39,47,51,53,61,70,75
0084,10,11,14,15,27,33,46,54,59,70,73,79,82,83,90
0085,8,16,17,23,35,36,39,43,47,59,62,81,83,89,90
0086,3,8,9,12,14,18,32,34,46,47,69,72,76,80,84
0087,12,13,16,22,29,42,43,44,48,68,73,75,78,87,89
0088,19,29,30,32,37,38,45,48,50,51,53,72,81,82,83
0089,7,8,13,16,25,37,44,55,61,66,67,70,77,82,83
0090,1,2,9,11,28,31,39,44,50,63,67,72,73,80,83
0091,6,9,12,18,21,33,35,46,47,53,57,60,63,81,85
0092,5,10,12,13,18,26,43,51,54,56,59,67,77,87,90
0093,7,8,13,16,20,31,39,46,48,56,62,63,64,74,89
0094,8,11,31,51,52,60,64,67,69,71,72,85,86,88,90
0095,9,29,31,33,37,38,54,58,60,69,73,77,79,87,88
0096,3,5,20,21,26,30,31,37,49,50,51,61,70,78,84
0097,1,6,8,9,21,32,45,46,48,56,64,68,79,82,83
0098,13,15,20,24,41,44,45,58,59,64,69,73,74,77,80
0099,3,7,11,21,23,25,29,31,38,44,45,49,53,69,77
0100,1,7,13,14,16,17,19,20,21,23,40,47,54,57,68
0101,1,18,19,27,35,44,52,60,63,73,74,82,84,85,86
0102,1,4,6,13,14,27,34,35,40,56,57,62,79,80,85
0103,2,13,14,16,19,23,30,36,41,42,57,59,64,67,83
0104,9,13,16,22,24,28,29,43,48,51,64,65,76,77,83
0105,3,15,17,21,22,34,38,41,51,57,69,72,75,76,86
0106,12,14,22,36,43,44,51,58,59,64,65,66,68,70,76
0107,2,5,7,22,36,46,48,50,61,62,65,70,77,85,88
0108,5,17,26,29,31,34,36,38,40,48,53,64,69,71,86
0109,1,8,16,19,32,40,45,48,53,54,59,70,79,84,85
0110,8,10,15,21,27,32,40,52,56,63,66,76,85,87,90
0111,18,21,27,36,41,46,48,50,62,66,73,75,79,83,89
0112,7,26,29,32,34,39,44,50,71,74,75,76,84,88,89
0113,1,5,12,15,21,29,30,33,37,44,48,51,63,66,69
0114,7,10,11,13,15,16,19,24,25,31,39,45,51,72,76
0115,3,7,10,11,28,29,47,60,68,70,75,79,80,88,89
0116,1,10,18,26,32,33,38,51,52,54,64,74,75,77,81
0117,6,8,12,13,15,22,35,48,51,57,58,65,67,71,73
0118,9,18,19,31,36,39,43,55,56,58,60,61,67,71,72
0119,3,5,9,28,33,34,37,44,56,57,61,62,64,81,89
0120,3,12,14,15,19,27,40,43,58,59,62,66,71,79,88
0121,10,14,32,36,37,52,53,67,74,75,82,84,85,87,90
0122,4,10,14,37,41,42,44,49,59,73,76,81,87,88,90
0123,6,18,30,32,34,37,41,43,51,58,59,65,67,71,72
0124,5,6,16,22,23,25,35,43,51,52,58,66,67,71,84
0125,2,10,14,19,21,46,56,60,62,73,79,80,83,86,87
0126,1,5,7,21,25,34,39,40,42,60,65,70,77,87,90
0127,19,23,29,36,42,45,46,50,54,58,65,68,70,77,82
0128,3,6,7,14,23,25,26,32,41,54,56,58,62,67,75
0129,4,7,18,25,36,39,42,46,51,55,57,58,71,73,79
0130,2,27,31,35,37,38,40,47,57,62,63,70,74,79,84
0131,6,7,8,11,12,15,17,18,36,54,70,71,80,81,90
0132,11,13,21,34,36,43,49,56,58,60,62,72,78,85,89
0133,2,10,17,20,30,47,49,56,64,66,71,75,78,83,90
0134,9,12,14,16,28,31,32,33,41,54,56,62,65,67,86
0135,1,2,7,22,36,51,53,57,72,74,75,76,81,84,88
0136,5,8,9,32,37,42,50,56,58,61,72,73,75,85,86
0137,5,10,14,26,28,34,38,49,57,60,67,73,82,83,87
0138,3,4,8,13,24,31,41,50,55,58,66,85,86,88,89
0139,3,5,7,10,12,30,52,54,61,63,64,65,68,86,88
0140,4,12,14,15,16,19,27,41,55,57,58,67,72,78,89
0141,5,8,11,21,27,33,35,37,45,46,60,63,71,86,87
0142,1,8,21,23,31,34,41,53,54,56,61,63,71,84,89
0143,1,13,16,17,26,27,50,55,58,61,69,71,77,78,84
0144,3,9,12,14,22,24,39,42,44,56,57,63,73,76,88
0145,23,25,26,34,38,46,48,58,61,62,64,66,81,89,90
0146,1,6,14,16,17,37,45,56,57,63,68,77,78,80,85
0147,8,11,13,14,18,36,37,39,43,45,47,50,57,62,79
0148,5,10,15,25,36,38,41,42,66,69,73,78,79,81,84
0149,21,22,24,26,33,36,40,45,48,53,62,63,64,75,80
0150,2,4,8,15,19,20,21,23,26,27,31,48,76,85,90
0151,4,7,15,19,26,31,37,41,50,51,52,65,70,72,90
0152,3,11,18,20,22,23,26,39,44,49,58,59,63,70,82
0153,8,13,19,20,32,36,48,51,57,58,61,64,67,76,90
0154,1,20,24,31,35,39,41,42,49,56,58,63,65,75,83
0155,5,8,15,19,28,32,43,61,71,75,76,82,83,86,87
0156,2,4,15,17,18,27,41,45,47,53,61,62,63,72,74
0157,5,6,21,25,26,28,33,46,57,58,60,70,72,73,76
0158,1,12,17,19,27,29,30,41,58,59,72,75,77,81,83
0159,1,5,6,13,21,24,25,30,48,49,58,59,67,75,82
0160,1,7,15,27,30,34,35,43,47,58,60,75,80,86,88
0161,10,16,20,24,25,48,59,61,64,67,77,78,80,88,89
0162,2,6,7,11,24,28,30,40,43,63,68,73,77,86,89
0163,13,18,22,39,40,43,45,46,49,55,66,67,71,75,83
0164,4,10,12,18,26,30,34,43,55,62,68,76,78,82,84
0165,3,4,13,15,19,28,44,53,59,61,63,64,67,77,79
0166,1,11,20,26,28,32,41,56,60,70,71,73,75,88,89
0167,19,28,34,36,40,41,48,51,55,57,70,74,81,82,90
0168,3,4,11,20,21,25,26,35,37,45,52,70,80,82,89
0169,2,7,11,17,27,34,37,42,50,59,63,68,71,86,88
0170,19,34,38,48,49,52,54,59,62,65,71,72,76,86,90
0171,6,9,14,17,26,33,37,40,46,47,52,76,78,82,84
0172,2,6,10,11,14,16,23,27,31,38,41,57,70,71,76
0173,4,15,16,24,26,35,37,43,46,49,58,68,76,79,80
0174,8,15,26,32,35,37,49,53,56,60,62,69,72,78,84
0175,1,3,5,9,14,30,37,41,44,64,69,70,73,84,86
0176,4,6,13,17,21,27,28,30,32,35,42,43,49,56,87
0177,6,9,16,22,34,41,47,50,53,61,63,65,75,78,80
0178,2,8,9,10,11,14,19,21,28,39,41,45,59,75,78
0179,4,5,12,14,15,17,36,43,65,68,69,70,71,77,88
0180,3,5,6,7,12,15,25,31,49,61,63,69,73,84,89
0181,2,27,31,35,44,46,57,58,67,73,78,80,83,88,90
0182,2,5,7,12,23,30,40,48,51,59,61,70,79,80,89
0183,2,8,11,20,33,34,36,39,41,52,65,67,71,73,74
0184,9,15,16,22,25,32,46,48,51,53,55,75,77,85,90
0185,2,8,13,17,18,30,31,35,37,59,60,62,85,87,89
0186,10,21,36,41,42,51,53,62,63,65,68,71,73,82,83
0187,4,9,14,15,19,25,30,36,44,48,66,77,80,87,88
0188,8,13,14,19,25,28,32,41,62,65,66,67,84,89,90
0189,12,16,19,21,48,49,50,51,61,62,66,69,70,71,74
0190,3,8,28,30,35,39,40,42,52,64,73,76,85,86,89
0191,11,15,22,41,45,51,59,60,65,77,78,80,81,83,88
0192,1,2,7,10,16,26,31,40,50,51,64,69,77,86,89
0193,4,10,13,16,18,20,23,32,34,37,40,42,50,75,90
0194,7,14,18,22,24,30,34,37,54,57,58,63,65,73,83
0195,12,16,20,21,27,29,31,32,51,60,61,62,64,69,79
0196,5,10,21,33,38,42,47,54,57,60,64,66,75,81,86
0197,9,10,11,16,26,27,31,35,41,48,54,61,83,88,89
0198,4,8,13,19,23,26,28,36,44,48,51,57,82,83,89
0199,7,17,23,25,28,40,42,48,52,55,63,69,72,78,85
0200,12,17,18,23,24,31,37,48,52,58,59,67,68,77,80
0201,1,11,18,21,24,25,39,57,58,63,71,73,75,76,84
0202,6,10,17,26,33,34,38,49,53,56,60,68,69,74,85
0203,2,8,22,28,31,35,37,60,64,67,72,76,80,82,85
0204,3,9,31,35,40,45,46,49,52,60,61,64,68,76,84
0205,1,2,9,15,23,27,30,38,39,44,52,63,70,76,84
0206,14,16,18,23,29,36,40,42,47,65,68,70,71,74,79
0207,2,17,26,27,30,36,43,47,48,53,59,74,84,87,89
0208,3,11,16,18,19,25,26,31,44,57,64,72,78,82,83
0209,5,16,21,22,27,28,29,45,46,48,53,77,81,85,87
0210,18,21,39,42,47,52,56,68,69,71,77,79,81,83,88
0211,2,5,18,26,28,32,48,54,57,73,76,78,79,80,88
0212,5,11,12,13,16,27,41,44,47,52,62,70,74,85,87
0213,8,11,13,22,25,27,34,39,45,58,61,62,65,69,78
0214,5,9,11,12,21,43,46,48,62,63,69,70,71,77,82
0215,8,10,22,31,37,48,56,63,70,71,72,73,74,75,90
0216,12,15,22,24,26,28,40,41,42,55,59,61,65,72,77
0217,1,12,24,25,29,33,39,54,67,70,80,81,82,84,85
0218,10,11,13,17,18,27,39,47,48,49,54,59,62,67,73
0219,6,12,21,33,34,46,51,59,60,61,66,70,73,76,85
0220,3,4,13,17,25,27,32,33,34,39,49,64,74,85,86
0221,7,8,18,21,24,36,43,60,63,68,70,74,79,82,85
0222,7,8,15,18,20,29,31,32,37,50,51,60,64,74,77
0223,5,10,15,20,26,29,32,37,42,52,65,66,69,72,82
0224,2,3,9,21,24,25,44,55,67,69,76,77,82,84,87
0225,4,6,10,14,17,23,25,26,42,52,58,68,73,75,80
0226,5,17,21,22,34,58,60,61,62,66,67,70,72,80,86
0227,1,7,11,12,13,20,32,35,38,43,49,63,71,79,86
0228,7,10,16,19,21,24,40,51,58,60,63,64,81,83,89
0229,2,8,21,22,27,31,41,55,60,67,68,73,76,79,87
0230,2,7,14,17,21,25,27,38,42,46,53,54,76,84,85
0231,5,7,10,12,21,22,55,56,58,60,63,79,86,88,90
0232,1,2,12,15,24,37,51,55,56,61,67,72,74,78,80
0233,1,2,3,13,16,17,19,27,31,35,48,51,56,64,70
0234,1,2,10,25,29,40,41,47,67,68,77,78,83,85,86
0235,1,12,33,35,45,48,52,56,60,63,66,74,80,83,87
0236,2,7,13,24,26,32,42,51,60,61,67,69,79,82,85
0237,2,4,10,14,29,36,51,53,54,59,61,67,72,76,87
0238,6,7,10,21,38,45,46,49,60,61,70,81,84,87,88
0239,3,13,14,26,33,35,37,38,41,42,50,63,68,70,71
0240,10,12,15,27,31,37,38,42,44,45,46,48,81,85,89
0241,2,4,8,12,14,23,29,47,48,52,62,66,69,85,87
0242,1,14,19,24,33,47,51,59,63,64,67,68,73,86,88
0243,3,4,10,12,14,15,22,26,32,37,48,52,57,79,87
0244,8,24,34,39,43,48,51,56,57,59,66,75,77,83,84
0245,5,14,25,27,38,40,41,45,52,57,65,66,72,73,77
0246,1,6,13,30,35,37,44,45,47,49,57,71,73,78,83
0247,2,13,19,21,35,38,43,48,50,52,56,65,81,85,89
0248,5,14,18,23,36,37,42,50,55,59,61,68,74,77,85
0249,4,6,11,20,43,52,57,59,60,65,78,85,86,87,90
0250,3,11,14,15,22,23,30,39,50,52,53,72,74,79,88
0251,1,14,20,21,24,25,32,42,43,51,55,62,66,70,79
0252,22,31,35,36,40,58,61,63,68,70,77,82,85,86,90
0253,2,5,6,10,11,13,22,24,28,34,38,53,61,79,81
0254,11,17,26,29,36,41,42,43,44,46,50,63,75,79,85
0255,10,27,33,37,47,53,58,60,64,67,75,76,77,78,80
0256,2,6,11,13,16,17,19,21,26,35,42,44,67,74,83
0257,7,19,20,22,29,31,37,42,60,68,74,77,86,87,88
0258,6,8,13,15,28,48,49,54,56,60,62,66,69,88,89
0259,11,19,23,27,28,31,34,54,57,58,68,77,79,85,90
0260,7,14,15,27,31,44,51,54,59,64,65,72,76,83,85
0261,5,15,18,25,35,36,44,51,53,56,61,62,66,83,84
0262,8,14,15,19,23,32,34,60,61,64,68,69,74,75,76
0263,5,11,12,14,18,24,25,42,48,52,53,58,63,66,75
0264,2,19,23,28,30,37,40,44,60,62,68,81,86,87,89
0265,5,6,7,16,17,29,39,40,42,58,60,65,66,72,78
0266,3,7,10,19,20,21,28,44,46,50,58,71,72,85,86
0267,3,11,12,14,33,35,37,40,41,42,44,55,58,72,75
0268,1,2,12,22,23,34,41,55,65,74,78,79,80,81,83
0269,8,9,11,20,24,29,35,41,44,47,50,55,61,62,76
0270,2,8,9,14,20,23,43,53,54,56,61,70,80,81,88
0271,5,11,12,21,22,24,31,33,35,40,41,43,54,75,83
0272,4,5,9,16,18,20,22,30,31,43,63,73,78,79,81
0273,5,28,29,38,43,44,46,50,58,59,69,72,78,84,85
0274,14,27,30,34,41,44,45,55,56,61,67,78,84,86,90
0275,21,22,30,37,39,41,48,49,51,53,57,58,62,68,88
0276,3,5,10,25,31,32,33,38,46,61,62,66,74,82,86
0277,13,14,23,41,50,53,60,61,68,69,71,74,82,88,90
0278,7,12,17,36,41,49,61,64,66,70,78,83,86,88,90
0279,2,6,14,20,27,28,33,44,55,64,73,75,79,80,84
0280,1,7,12,23,30,31,40,56,67,69,71,74,75,77,82
0281,4,7,9,14,26,28,44,45,47,50,62,75,80,85,90
0282,10,13,24,30,37,41,45,50,52,64,66,70,85,86,88
0283,2,7,20,21,29,35,43,49,50,63,67,69,70,78,85
0284,5,9,14,18,27,33,39,55,61,65,68,74,81,82,83
0285,5,7,15,18,19,39,40,45,56,71,73,77,85,88,90
0286,2,3,15,17,23,31,42,43,48,51,60,66,70,84,90
0287,1,5,30,32,37,54,55,56,58,63,66,75,80,85,89
0288,18,24,28,37,40,47,52,55,60,64,67,72,78,81,86
0289,10,14,19,27,32,33,34,35,42,50,59,66,81,85,89
0290,6,7,18,21,27,28,30,34,37,38,47,53,54,56,72
0291,5,12,16,21,22,24,38,41,44,57,66,71,76,84,88
0292,2,6,10,31,32,35,40,46,50,51,57,68,69,71,75
0293,1,6,9,17,21,22,23,32,34,45,56,59,66,86,89
0294,7,13,14,15,20,29,32,58,59,64,77,81,84,85,89
0295,6,8,15,18,28,32,43,49,56,59,71,73,79,82,87
0296,6,7,8,10,12,25,26,31,33,42,51,59,60,70,80
0297,1,2,7,21,25,26,28,42,49,57,63,69,71,75,78
0298,3,4,19,20,31,35,44,55,62,67,69,71,81,86,88
0299,2,10,19,21,29,36,45,46,48,54,58,62,65,67,69
0300,3,7,16,20,22,27,32,44,48,50,55,58,66,87,89
0301,4,6,14,17,26,29,37,38,39,40,49,66,76,80,87
0302,1,7,17,24,37,41,42,66,67,68,77,79,82,88,89
0303,10,16,25,28,35,39,43,45,47,52,53,55,65,73,81
0304,10,12,26,27,32,33,34,35,50,61,72,73,78,81,82
0305,3,4,15,20,24,28,36,43,53,60,64,65,71,84,86
0306,5,6,20,22,29,33,39,43,48,58,65,66,69,75,77
0307,16,22,24,33,35,39,44,45,49,56,66,67,73,74,78
0308,11,17,29,31,39,46,56,59,65,72,78,80,84,86,90
0309,7,13,17,21,28,29,30,38,43,54,58,59,70,75,79
0310,3,5,18,23,26,28,35,46,49,50,67,68,73,77,82
0311,1,9,12,18,24,28,31,35,41,46,57,67,68,71,78
0312,13,18,19,29,32,34,35,48,51,62,68,73,79,85,87
0313,1,19,22,24,25,27,34,35,37,42,45,58,64,68,69
0314,1,3,4,14,15,29,31,34,51,77,79,81,88,89,90
0315,5,10,11,16,18,19,25,39,43,45,70,73,77,79,88
0316,4,5,14,19,27,39,47,52,58,60,63,64,70,77,87
0317,9,20,21,31,38,44,46,48,52,60,64,70,74,86,89
0318,13,16,19,21,24,32,39,41,46,62,69,73,74,79,80
0319,3,5,8,30,42,44,45,52,57,59,63,76,80,86,88
0320,1,5,9,16,24,30,40,50,51,58,66,71,72,81,89
0321,1,14,17,21,35,36,41,47,51,59,66,69,71,72,78
0322,7,8,9,21,28,31,36,40,43,44,49,54,59,71,73
0323,5,7,9,16,18,23,33,44,49,51,59,65,68,76,81
0324,1,4,10,18,19,28,29,31,32,44,54,68,78,82,88
0325,6,13,16,17,20,36,37,38,43,55,63,64,71,76,90
0326,5,8,12,16,17,18,30,34,48,65,70,71,72,75,87
0327,8,12,16,17,39,46,48,49,58,68,69,70,73,79,87
0328,10,11,15,29,35,44,49,58,59,62,67,69,72,76,88
0329,4,5,7,11,13,17,24,32,44,51,68,70,75,82,83
0330,1,2,7,9,30,35,38,43,50,54,60,62,67,88,89
0331,15,21,23,27,28,32,35,55,67,68,72,78,80,84,86
0332,1,2,19,22,23,33,38,50,56,62,78,81,85,87,88
0333,5,21,27,30,31,38,48,51,57,65,70,73,76,80,88
0334,3,11,16,22,23,30,37,45,50,56,58,62,71,72,74
0335,1,12,18,22,27,34,42,55,60,64,73,75,77,82,85
0336,10,19,23,33,44,46,54,55,60,73,77,78,86,88,89
0337,7,9,13,28,29,35,40,41,43,49,51,57,81,83,84
0338,1,3,11,12,14,16,23,42,47,55,57,63,64,81,82
0339,5,12,22,23,26,30,39,42,48,50,54,63,66,78,87
0340,5,11,15,16,22,29,32,34,50,51,58,59,61,71,80
0341,2,8,14,17,18,30,39,42,45,64,65,69,77,78,87
0342,10,13,18,39,40,42,49,52,62,64,70,71,72,73,80
0343,2,11,16,31,34,47,49,52,60,66,74,75,78,82,89
0344,2,7,11,13,14,21,22,25,28,35,40,80,81,83,86
0345,1,6,12,17,18,33,46,47,50,54,62,81,82,88,90
0346,2,22,23,49,50,54,59,62,64,78,79,80,82,83,89
0347,9,11,15,16,20,30,43,47,60,64,68,71,75,80,87
0348,4,11,19,23,30,33,41,44,56,58,60,65,70,82,89
0349,17,19,25,27,28,30,36,41,43,48,65,69,78,86,90
0350,1,12,14,28,29,30,43,47,54,62,68,70,79,80,90
0351,1,13,17,20,32,33,34,59,60,62,70,77,79,82,88
0352,12,17,27,30,34,35,37,41,43,44,48,51,61,66,73
0353,3,7,17,18,22,23,30,40,49,58,59,66,74,82,85
0354,6,20,24,35,40,41,42,44,53,55,64,67,71,80,81
0355,5,11,18,28,35,41,42,47,48,54,60,65,73,84,87
0356,11,24,25,35,40,45,51,52,61,62,64,65,74,80,87
0357,3,12,14,18,21,26,39,46,53,54,55,61,71,86,87
0358,4,19,23,25,26,27,28,36,45,47,48,56,58,77,87
0359,3,6,23,28,30,43,47,50,56,57,61,64,74,75,86
0360,1,9,14,24,30,35,36,37,50,54,68,69,71,74,88
0361,1,3,11,12,23,28,44,48,49,56,57,58,70,72,80
0362,14,18,19,23,27,30,33,34,39,49,72,76,79,82,85
0363,6,13,15,19,20,25,27,34,37,43,56,61,71,80,84
0364,1,21,30,36,37,39,41,42,46,57,59,64,78,79,89
0365,4,8,15,17,22,26,30,34,38,40,58,60,75,79,87
0366,2,3,10,35,42,44,48,60,70,71,73,74,78,81,85
0367,2,3,11,12,16,30,49,52,56,76,77,78,79,84,88
0368,7,13,22,24,25,29,45,50,53,61,73,76,78,83,86
0369,1,2,12,17,35,38,41,48,50,51,59,60,61,68,79
0370,3,5,13,16,36,41,44,50,65,76,79,83,84,88,90
0371,6,7,13,31,33,46,50,53,54,58,62,67,71,84,88
0372,2,19,21,36,37,47,55,56,60,64,66,68,77,88,90
0373,6,12,14,17,25,30,34,35,41,62,65,66,75,77,79
0374,12,15,19,27,30,35,40,46,54,56,63,64,74,86,87
0375,7,11,12,18,19,33,42,47,63,66,68,69,70,72,77
0376,9,18,20,21,27,36,39,42,43,44,57,61,68,83,87
0377,2,6,14,26,27,36,37,43,45,49,63,67,75,77,89
0378,14,16,24,35,37,45,52,53,55,57,59,68,69,77,89
0379,3,6,10,19,20,21,33,40,44,47,50,51,66,68,75
0380,15,28,29,32,46,50,60,62,64,65,67,69,83,84,90
0381,1,2,5,15,21,41,42,44,58,62,63,64,65,76,82
0382,1,6,9,13,26,30,32,35,63,67,68,70,78,79,87
0383,4,7,8,21,25,39,44,57,62,65,69,74,78,81,86
0384,3,5,8,21,23,31,46,49,51,55,59,63,67,71,84
0385,17,19,20,40,42,46,53,54,55,59,61,68,79,80,86
0386,1,12,15,22,24,29,32,40,47,51,52,72,79,81,87
0387,1,4,12,13,16,17,21,42,46,49,55,67,87,88,90
0388,4,22,25,26,27,36,41,44,59,62,64,66,72,76,82
0389,4,9,11,17,19,33,34,43,44,45,58,60,65,76,81
0390,3,4,5,8,11,12,13,25,28,40,41,55,83,85,89
0391,1,2,4,18,34,40,44,53,57,59,62,69,71,72,76
0392,4,8,14,25,27,44,45,48,53,61,62,66,70,75,79
0393,4,15,23,24,27,39,46,47,54,59,68,77,79,81,87
0394,3,6,14,22,29,42,45,46,48,51,71,73,76,81,89
0395,1,3,5,13,14,22,23,28,30,41,50,52,74,80,88
0396,2,9,15,18,26,33,49,51,64,69,73,82,83,85,87
0397,3,9,27,42,49,50,55,64,71,75,76,79,81,88,89
0398,1,2,4,7,13,38,48,51,52,58,66,73,82,84,87
0399,7,8,30,31,38,47,48,50,59,61,64,68,74,81,85
0400,3,9,13,24,25,30,31,45,46,49,59,71,80,83,89
0401,4,20,21,22,26,29,38,45,57,61,63,80,82,84,86
0402,4,5,14,25,27,44,48,54,58,68,71,80,81,84,88
0403,8,17,21,24,27,34,40,42,52,58,62,79,81,84,87
0404,3,5,6,12,18,31,32,46,56,62,63,66,80,87,88
0405,1,20,25,27,28,52,56,57,70,74,75,77,79,80,87
0406,6,10,12,23,28,35,36,49,55,61,64,75,79,80,90
0407,21,23,24,25,33,34,45,50,54,58,61,87,88,89,90
0408,6,7,20,35,36,46,51,53,54,56,59,64,67,70,88
0409,2,4,5,9,13,20,21,22,26,27,29,30,49,61,69
0410,2,13,14,22,27,33,37,44,46,47,48,49,57,75,83
0411,3,15,24,26,31,34,43,50,61,64,74,77,78,79,86
0412,10,13,14,16,30,32,34,36,37,45,48,63,86,87,90
0413,10,13,27,36,39,41,47,55,58,68,70,72,76,79,83
0414,11,12,21,22,33,40,42,50,54,55,71,72,78,85,86
0415,9,10,11,14,30,32,33,46,49,50,53,54,67,75,80
0416,1,3,7,16,28,30,34,39,54,57,58,61,78,79,82
0417,5,7,10,11,13,15,24,25,40,51,68,74,81,82,90
0418,6,32,42,45,47,57,59,63,67,70,72,77,81,85,86
0419,3,4,9,11,18,27,44,45,50,61,64,72,78,87,90
0420,2,6,19,20,46,48,49,54,58,59,64,67,68,74,89
0421,11,16,19,21,30,34,39,48,50,57,74,79,82,89,90
0422,8,10,14,25,26,29,38,55,59,62,68,69,76,77,80
0423,1,11,15,18,20,25,29,30,31,40,49,57,73,79,86
0424,9,14,16,20,24,25,28,40,44,50,52,54,59,79,83
0425,1,5,8,14,20,21,35,41,42,47,60,64,71,79,89
0426,3,9,14,18,20,26,43,45,46,54,59,64,67,77,81
0427,5,20,22,25,26,29,34,42,44,50,61,67,74,79,84
0428,6,13,21,30,32,36,44,47,57,58,71,72,73,77,83
0429,4,7,10,23,30,40,42,44,45,51,52,56,63,65,67
0430,5,7,15,21,27,28,30,41,50,51,58,62,67,69,84
0431,10,16,18,22,47,52,58,63,68,70,73,76,79,84,88
0432,6,18,20,25,34,36,41,44,48,59,62,68,80,85,90
0433,1,12,13,26,33,38,40,45,48,53,57,62,66,72,81
0434,2,7,22,25,30,33,35,42,43,50,70,77,79,81,90
0435,2,3,14,29,31,38,41,50,52,56,57,64,72,83,87
0436,3,4,11,16,18,26,39,41,53,57,58,60,65,78,83
0437,15,22,25,26,28,34,37,47,59,64,70,76,77,81,90
0438,12,14,27,39,49,51,55,59,69,80,82,83,86,87,89
0439,9,11,23,35,42,43,49,50,52,57,60,71,78,85,86
0440,4,6,22,23,27,34,45,52,55,64,66,69,83,84,85
0441,5,12,16,17,25,27,32,38,39,49,73,75,77,85,89
0442,2,5,6,8,16,24,46,50,52,60,65,80,87,89,90
0443,9,14,19,31,35,36,51,58,61,63,67,72,79,82,90
0444,15,33,36,42,49,51,57,62,64,67,68,69,71,72,83
0445,3,11,12,15,22,27,31,42,49,58,59,77,80,82,85
0446,2,3,14,29,30,33,42,47,49,58,72,73,82,87,90
0447,6,7,11,22,23,27,40,44,69,73,76,79,80,82,83
0448,2,6,18,22,36,37,41,45,47,55,70,75,76,77,90
0449,9,16,21,25,38,41,50,52,54,55,56,59,71,77,82
0450,7,12,15,19,21,22,25,27,29,32,36,51,62,65,83
0451,5,13,18,20,35,37,40,41,50,53,61,65,67,84,85
0452,7,9,12,15,17,18,26,29,37,49,56,62,65,66,75
0453,4,5,10,11,16,22,25,29,39,41,45,49,69,84,90
0454,8,13,31,33,37,40,42,43,45,49,56,62,74,75,89
0455,1,2,8,11,35,46,62,66,69,72,73,80,81,84,90
0456,4,5,12,15,30,32,35,41,56,66,69,71,72,77,84
0457,7,8,14,19,25,43,47,48,62,63,66,69,74,77,84
0458,7,18,21,34,42,49,55,58,59,66,74,78,80,84,89
0459,6,18,20,26,38,42,44,53,59,63,70,75,79,80,85
0460,1,14,16,20,30,38,40,44,45,47,64,66,77,82,83
0461,6,8,10,15,18,20,38,39,44,54,70,76,78,85,86
0462,4,20,22,24,34,39,41,45,57,59,64,65,75,84,87
0463,5,9,11,17,18,34,35,43,46,53,56,62,65,69,85
0464,9,11,13,16,28,34,36,39,47,63,70,73,82,84,86
0465,4,8,14,16,24,32,33,50,51,55,57,65,67,86,89
0466,3,7,8,11,14,18,21,30,44,48,56,67,73,88,90
0467,12,14,24,31,32,42,43,48,57,59,72,76,80,81,87
0468,16,17,21,22,24,43,45,63,67,73,77,79,83,86,87
0469,1,2,6,11,29,30,36,45,48,55,56,57,70,77,87
0470,3,7,15,17,19,25,26,27,35,44,51,55,57,70,85
0471,8,9,19,24,36,37,42,46,59,66,70,72,73,80,89
0472,5,8,13,15,30,42,47,48,52,53,54,60,66,69,80
0473,6,11,17,31,36,38,43,54,55,60,61,72,73,75,85
0474,1,4,11,19,31,38,48,55,60,71,72,75,79,81,82
0475,14,15,31,36,42,43,50,52,56,57,61,66,68,73,89
0476,10,19,20,22,24,28,31,34,56,58,62,72,74,80,86
0477,4,8,11,17,21,29,39,45,49,63,65,68,75,77,89
0478,23,30,31,45,57,58,62,63,71,73,76,82,84,87,88
0479,8,16,20,21,22,34,41,62,66,74,78,79,82,85,89
0480,5,9,10,17,19,32,39,41,50,51,53,55,56,78,86
0481,9,25,27,31,34,44,53,54,57,62,63,80,82,84,90
0482,3,5,13,26,33,47,53,58,61,65,66,69,74,79,82
0483,2,9,11,17,19,23,24,40,48,51,54,62,66,73,77
0484,2,7,9,17,26,32,42,46,50,59,65,71,72,87,90
0485,10,13,14,16,25,33,34,35,39,44,47,52,76,80,83
0486,4,7,9,11,12,18,23,25,31,41,52,62,77,85,90
0487,6,10,17,23,36,37,46,59,63,69,72,75,77,88,89
0488,11,13,22,27,29,31,43,44,49,52,61,72,82,86,89
0489,8,26,28,32,35,37,51,54,55,58,60,68,70,77,78
0490,1,2,5,7,16,27,37,41,44,50,57,66,69,74,78
0491,13,15,28,32,36,40,49,50,56,65,71,76,80,84,90
0492,1,10,24,33,35,44,53,56,69,71,73,75,76,80,87
0493,7,16,17,22,32,37,43,49,53,62,63,65,69,73,74
0494,15,22,32,44,45,47,51,62,63,66,67,75,77,78,89
0495,15,19,23,25,28,29,35,51,56,63,64,65,71,82,84
0496,5,9,13,31,33,34,47,54,59,61,64,73,77,88,89
0497,3,9,16,23,28,32,36,51,54,60,68,73,77,88,89
0498,9,10,14,15,21,29,36,40,46,50,63,74,77,81,88
0499,1,2,6,17,22,25,34,42,45,59,65,68,78,81,88
0500,1,6,8,16,22,31,35,43,48,50,59,60,66,74,77
0501,17,18,29,36,41,42,45,50,60,63,65,76,80,81,86
0502,1,4,15,16,18,42,57,60,61,64,77,78,87,88,90
0503,2,6,19,20,22,30,51,58,69,71,73,77,82,83,89
0504,5,12,21,22,35,41,43,51,53,65,72,76,77,79,89
0505,4,17,25,32,41,43,55,56,62,63,66,69,70,79,84
0506,8,9,14,20,24,25,32,34,36,39,53,58,71,74,75
0507,10,12,14,15,41,42,51,57,59,66,68,73,76,79,80
0508,5,34,36,41,46,49,50,52,54,56,57,59,74,82,86
0509,4,5,11,12,34,49,50,52,60,67,74,75,82,83,87
0510,7,8,9,13,15,29,43,54,57,61,74,78,84,86,87
0511,6,7,13,14,23,25,26,33,40,49,52,75,84,85,89
0512,2,5,6,24,29,40,48,58,68,71,74,79,84,87,89
0513,2,3,11,15,32,34,36,39,46,48,60,68,79,81,89
0514,2,6,7,18,35,46,48,64,70,74,77,78,80,85,88
0515,25,27,28,30,41,42,52,54,55,61,68,71,74,82,88
0516,2,9,24,25,26,27,29,38,41,51,53,57,63,73,85
0517,14,25,43,44,54,55,63,68,71,73,77,80,83,84,89
0518,2,12,16,17,19,26,45,47,49,51,52,60,70,83,89
0519,2,6,10,24,31,33,40,44,49,57,77,81,84,88,89
0520,2,5,30,39,40,49,53,54,55,67,73,75,84,88,89
0521,3,6,11,15,19,28,30,40,57,58,67,71,72,73,75
0522,4,19,20,21,29,45,46,52,55,60,61,67,84,86,87
0523,5,7,25,31,44,46,48,55,65,68,73,77,78,79,90
0524,4,9,12,22,26,28,32,40,50,53,60,63,68,78,81
0525,1,3,8,10,14,26,34,37,51,57,59,65,69,70,81
0526,4,13,14,18,45,46,47,61,63,65,69,78,84,88,90
0527,6,7,9,10,38,39,44,50,53,54,62,73,83,88,89
0528,3,7,9,13,22,24,26,35,51,57,60,61,71,78,86
0529,1,4,9,11,14,19,41,42,58,65,69,71,84,85,90
0530,11,13,14,20,21,22,33,38,45,46,55,59,63,76,88
0531,1,3,4,10,45,50,53,55,59,64,80,81,84,87,89
0532,10,28,31,33,35,39,42,56,58,59,62,65,77,86,88
0533,11,16,20,32,35,40,44,46,51,55,61,63,69,84,88
0534,9,11,15,17,18,23,25,32,35,39,48,54,63,73,80
0535,1,13,16,20,22,26,28,32,49,50,67,69,70,71,77
0536,12,16,19,20,24,31,34,42,51,54,57,59,60,64,90
0537,2,10,17,18,27,40,63,64,72,75,76,77,80,83,85
0538,8,20,21,23,24,34,38,42,53,61,65,69,75,77,89
0539,3,4,10,22,27,28,35,36,43,46,55,60,64,72,89
0540,6,11,14,20,23,26,28,42,43,47,50,59,72,80,89
0541,1,5,9,16,26,32,34,39,40,50,60,71,72,77,84
0542,13,18,31,44,48,50,52,59,62,66,78,79,82,83,87
0543,3,12,18,20,27,28,36,42,51,58,59,63,72,79,90
0544,7,15,17,23,31,34,42,45,48,50,69,74,76,77,83
0545,9,12,22,25,33,35,36,44,47,51,52,55,64,81,88
0546,5,8,11,12,27,29,32,34,37,40,45,48,59,75,78
0547,2,3,7,28,32,38,46,51,63,72,73,76,79,80,85
0548,12,20,28,35,41,46,49,65,66,69,70,79,83,86,87
0549,2,6,12,16,30,35,41,48,52,62,69,73,77,80,84
0550,6,14,26,36,46,50,51,62,71,72,76,78,79,81,82
0551,14,17,22,27,45,48,49,53,56,64,66,73,77,86,90
0552,9,12,21,26,31,33,34,54,55,58,62,66,67,75,81
0553,1,10,12,15,24,28,41,55,56,63,66,69,79,84,88
0554,1,6,16,18,20,24,37,39,42,43,46,47,49,62,70
0555,11,15,17,18,22,27,34,36,42,43,60,78,86,88,90
0556,1,24,31,32,35,36,38,40,45,58,64,67,78,85,90
0557,3,6,8,14,20,22,36,44,51,52,57,61,69,89,90
0558,1,5,7,10,11,14,18,24,25,29,37,41,46,69,76
0559,1,3,10,28,41,47,49,60,64,66,67,68,75,76,89
0560,12,14,25,27,34,36,43,48,79,81,82,83,86,88,89
0561,1,4,13,15,17,27,31,33,41,48,53,65,70,74,76
0562,2,7,12,21,33,35,37,38,40,50,85,87,88,89,90
0563,2,4,8,14,22,24,40,41,56,64,65,82,83,87,89
0564,3,6,9,19,30,31,38,54,57,61,68,75,78,84,89
0565,2,3,9,11,15,34,38,51,53,54,55,62,75,77,90
0566,3,9,10,12,25,27,39,53,56,58,62,80,82,85,87
0567,1,4,6,10,16,31,36,45,62,64,80,84,85,86,89
0568,1,6,14,20,24,29,32,40,41,42,45,56,78,79,85
0569,5,6,7,15,20,31,40,50,56,57,58,68,79,86,88
0570,2,19,22,23,25,29,37,47,52,53,54,61,65,79,80
0571,2,4,14,15,27,33,46,52,63,67,69,73,76,83,88
0572,10,32,39,41,47,51,58,63,71,72,75,77,79,83,86
0573,3,6,11,22,24,25,27,28,50,55,58,65,78,85,86
0574,12,17,26,29,34,35,40,46,61,66,67,68,75,80,87
0575,2,5,6,16,21,32,41,46,50,51,65,71,76,86,87
0576,2,9,16,19,32,35,45,52,55,59,65,66,80,83,84
0577,15,24,26,29,31,36,39,50,52,53,61,63,67,71,87
0578,2,8,9,20,35,38,39,42,51,70,71,73,77,81,90
0579,6,8,18,19,22,25,29,64,65,69,71,72,74,77,78
0580,3,6,26,27,33,38,46,58,63,68,71,76,77,79,88
0581,6,18,22,25,26,29,34,40,43,52,53,63,64,87,89
0582,1,6,13,16,21,22,39,46,48,53,59,66,67,80,83
0583,4,9,20,30,31,32,34,38,39,40,47,50,58,59,75
0584,11,15,21,26,27,31,43,52,60,68,74,75,79,80,87
0585,3,19,20,22,23,26,34,37,42,60,69,70,75,81,89
0586,1,7,15,17,37,42,44,52,56,57,63,65,85,86,90
0587,3,5,6,26,28,52,54,56,62,67,70,73,80,84,88
0588,7,14,16,22,33,54,55,68,73,74,75,77,78,82,88
0589,4,5,12,22,27,45,50,55,58,63,72,80,81,82,90
0590,5,15,24,25,29,42,53,64,65,73,76,83,88,89,90
0591,3,11,13,18,32,37,48,58,64,69,79,82,83,85,87
0592,2,5,7,10,21,24,25,29,42,49,52,71,72,73,82
0593,3,12,29,32,36,39,41,50,52,54,56,58,70,76,81
0594,3,12,21,24,38,39,42,43,52,54,56,63,82,83,87
0595,1,13,18,25,37,39,57,58,64,71,77,80,82,86,87
0596,9,13,16,32,34,37,40,42,47,58,63,74,82,87,88
0597,17,18,27,35,36,41,42,52,57,65,66,70,82,85,86
0598,2,12,21,24,37,44,45,46,47,48,63,66,69,80,84
0599,5,8,11,20,27,39,41,42,45,48,60,64,65,69,89
0600,6,18,22,28,30,35,53,56,60,61,68,75,79,80,88
0601,6,10,13,29,38,39,51,60,63,70,71,75,77,81,88
0602,4,5,6,10,13,17,24,30,38,51,66,70,72,88,89
0603,2,8,9,19,20,23,29,44,50,63,73,74,77,82,84
0604,2,4,11,14,20,21,46,50,59,61,65,66,80,87,89
0605,1,8,14,19,26,31,34,37,46,48,51,58,61,64,79
0606,14,21,29,33,37,40,45,51,54,64,73,77,82,86,87
0607,8,9,24,27,31,39,43,46,59,64,67,69,73,83,84
0608,5,16,26,35,38,41,44,47,53,55,56,59,65,77,86
0609,23,27,37,44,48,50,54,59,60,63,65,69,75,83,86
0610,1,8,23,25,26,31,33,43,48,57,62,69,79,81,83
0611,8,19,26,28,41,45,46,48,55,58,64,74,77,80,88
0612,11,19,23,26,27,35,50,51,52,75,79,82,84,85,90
0613,4,18,29,30,31,32,35,36,52,64,68,71,73,74,83
0614,3,5,11,12,30,35,39,43,48,59,63,67,72,81,89
0615,8,11,12,14,15,35,37,40,44,46,59,62,71,84,85
0616,5,15,25,27,39,41,46,51,54,56,63,69,79,82,86
0617,4,19,26,28,34,37,40,45,53,57,60,70,74,83,90
0618,6,18,20,21,33,34,36,40,41,49,55,61,77,84,90
0619,9,16,27,36,44,50,52,54,55,58,60,62,63,79,82
0620,3,15,17,18,30,36,37,43,47,51,52,53,67,82,89
0621,1,4,8,14,27,44,46,51,54,61,73,79,80,85,86
0622,5,19,23,51,54,57,58,60,65,67,72,74,80,82,90
0623,4,5,24,38,48,53,63,64,67,68,75,76,86,88,90
0624,7,10,11,16,27,34,40,50,63,65,69,74,75,79,80
0625,6,7,16,17,30,35,38,47,52,56,63,66,67,74,80
0626,8,15,19,29,31,33,41,47,56,61,65,70,71,77,89
0627,1,8,11,15,20,21,29,40,43,46,49,58,64,68,84
0628,7,12,18,20,25,27,33,36,40,42,50,61,64,70,75
0629,3,9,12,20,34,42,44,45,48,52,66,67,77,82,90
0630,2,7,10,23,29,47,52,55,57,64,67,71,77,87,88
0631,11,19,25,28,33,47,57,61,65,68,70,72,74,83,89
0632,1,4,12,14,15,18,20,27,34,48,51,58,61,67,70
0633,3,8,16,23,29,30,32,59,60,61,67,75,83,85,86
0634,8,13,14,25,29,33,36,48,52,55,57,60,61,86,89
0635,1,2,12,13,20,22,27,32,35,47,62,68,77,82,84
0636,10,18,33,39,43,46,57,59,62,65,67,69,83,85,89
0637,3,5,8,11,16,17,31,38,39,42,48,49,60,65,78
0638,13,14,15,24,33,34,37,38,39,41,58,60,66,68,69
0639,4,6,21,30,35,43,46,53,54,58,68,73,79,80,86
0640,4,6,7,8,28,42,45,48,57,60,64,71,72,74,84
0641,9,17,19,35,36,42,46,47,49,55,63,64,70,82,89
0642,2,4,12,25,35,42,45,53,56,57,58,71,77,83,86
0643,5,13,18,22,25,31,40,43,48,50,54,59,69,74,89
0644,1,3,11,12,18,20,30,39,46,56,59,64,65,68,88
0645,1,13,18,29,32,33,43,50,51,54,70,71,74,78,83
0646,5,7,9,16,31,36,38,43,54,58,65,66,67,69,87
0647,3,5,15,21,33,43,45,51,57,64,65,66,67,68,85
0648,6,11,13,24,32,37,41,56,57,58,59,63,64,65,87
0649,1,6,7,15,24,38,39,49,51,58,62,66,78,79,90
0650,1,3,16,18,25,26,27,28,35,38,42,43,51,61,67
0651,11,14,25,27,30,40,42,43,49,64,74,78,80,83,86
0652,4,7,10,31,32,33,38,42,57,58,62,65,76,80,88
0653,3,10,16,28,40,42,44,45,47,49,50,69,81,83,84
0654,6,8,10,19,23,31,48,53,63,65,67,75,77,83,86
0655,1,6,12,36,37,47,53,59,61,74,76,82,84,87,88
0656,7,10,12,13,22,29,43,48,56,64,69,76,87,88,89
0657,2,5,10,12,21,35,37,42,43,46,72,80,85,89,90
0658,1,10,11,23,26,31,35,36,51,59,77,78,83,85,86
0659,1,4,7,8,23,26,32,39,45,51,59,63,66,67,86
0660,4,13,25,30,33,45,56,58,61,63,64,71,77,85,87
0661,11,32,43,44,47,51,56,57,58,65,67,68,75,84,89
0662,1,2,23,31,39,42,48,58,74,75,76,77,78,79,81
0663,1,6,8,11,13,28,30,32,48,49,63,70,72,88,90
0664,3,4,6,9,31,40,46,47,50,51,54,55,77,81,89
0665,5,8,19,23,25,38,43,44,50,51,52,61,71,79,90
0666,1,6,8,24,30,31,35,38,40,43,46,55,71,87,90
0667,7,20,27,28,30,31,40,45,49,61,64,71,86,88,89
0668,4,7,17,28,37,45,47,49,51,61,64,71,84,89,90
0669,5,7,9,11,13,17,20,23,30,35,52,56,68,76,78
0670,8,10,16,17,18,28,35,36,39,55,60,64,66,68,74
0671,7,14,17,44,49,51,59,62,64,67,74,77,78,84,86
0672,3,14,19,20,23,35,36,45,57,60,61,63,73,74,81
0673,2,6,9,19,26,29,32,34,48,51,65,68,73,81,87
0674,19,21,23,25,32,33,45,46,55,56,59,72,82,83,90
0675,1,8,17,21,24,26,35,53,62,66,70,75,79,82,87
0676,1,2,26,44,55,56,58,62,66,76,80,84,85,86,87
0677,2,10,14,18,23,25,30,33,47,64,66,68,69,70,75
0678,4,10,12,19,51,53,55,66,75,76,81,84,88,89,90
0679,1,5,10,12,18,24,38,49,53,60,67,70,72,79,83
0680,2,5,20,24,35,39,41,46,51,56,73,76,77,84,86
0681,5,8,15,33,34,45,47,48,49,62,67,72,80,85,90
0682,5,17,29,35,40,47,61,70,77,80,82,83,84,87,90
0683,7,12,18,19,20,31,32,33,39,41,49,58,68,73,87
0684,6,9,10,12,21,23,36,39,40,46,50,74,84,89,90
0685,6,7,13,18,23,32,35,37,39,43,46,48,49,74,80
0686,20,23,25,30,35,49,54,55,59,62,72,79,82,83,85
0687,9,10,15,19,23,25,28,44,45,47,54,65,82,84,86
0688,1,3,18,20,26,31,45,46,52,60,62,63,70,71,86
0689,1,2,7,12,14,15,22,24,32,40,47,49,75,79,81
0690,4,14,18,27,28,30,40,56,57,61,66,75,80,86,87
0691,9,18,26,28,32,38,50,51,56,63,64,68,72,87,90
0692,4,8,9,10,19,35,39,44,53,56,57,58,63,73,76
0693,1,12,14,18,35,38,40,57,58,69,71,82,85,88,90
0694,6,9,12,16,17,22,32,37,41,49,63,71,78,83,89
0695,3,11,13,16,24,25,28,34,42,48,53,67,70,82,90
0696,3,4,12,15,18,41,51,54,60,63,65,68,74,81,83
0697,1,4,6,13,25,28,31,37,47,49,55,62,63,64,89
0698,5,8,31,35,44,50,55,60,61,63,67,70,78,84,85
0699,3,12,23,35,37,51,54,62,64,66,75,79,80,81,84
0700,2,7,8,19,22,31,34,36,50,57,60,72,73,76,87
0701,1,6,10,11,14,18,39,42,51,55,60,61,77,80,87
0702,7,14,20,33,36,42,47,63,66,69,70,77,81,82,85
0703,2,5,8,15,20,21,27,30,39,55,59,60,63,79,81
0704,9,10,11,13,25,35,39,51,52,56,58,60,86,87,90
0705,7,15,20,22,24,32,34,52,54,56,59,60,72,73,78
0706,6,9,10,11,17,24,38,43,56,64,69,75,78,81,82
0707,1,3,21,23,33,37,38,43,45,63,65,71,80,83,89
0708,14,18,23,39,49,69,70,74,75,76,77,78,79,82,87
0709,4,5,8,27,31,37,43,45,46,49,58,70,74,77,90
0710,5,13,17,23,25,39,45,48,49,51,57,63,73,80,82
0711,2,13,24,35,56,57,61,63,71,77,79,80,81,86,87
0712,18,25,26,27,37,44,46,49,50,55,63,65,68,69,76
0713,2,4,14,15,23,31,35,43,47,49,53,57,65,79,88
0714,3,5,18,26,35,38,39,42,47,61,62,69,70,76,85
0715,4,18,29,30,42,47,52,54,66,71,78,83,84,85,88
0716,5,11,19,25,32,37,42,46,50,57,62,73,82,84,90
0717,6,10,20,21,26,28,30,40,50,61,70,71,74,76,86
0718,5,8,23,37,44,46,50,51,54,58,64,70,75,76,85
0719,1,2,6,7,16,19,22,25,29,47,48,52,75,76,79
0720,22,28,29,30,33,46,49,53,54,57,64,66,69,70,89
0721,4,7,8,9,21,35,49,57,60,62,65,69,73,77,89
0722,1,5,9,11,25,27,30,31,47,58,67,71,74,78,79
0723,20,27,36,40,45,50,54,59,65,66,68,69,75,80,83
0724,1,2,17,20,32,40,51,58,61,64,67,69,73,74,81
0725,19,23,32,33,50,51,59,64,65,70,71,74,79,82,87
0726,4,16,20,26,31,56,58,59,61,63,68,73,74,84,88
0727,2,7,10,13,15,21,23,24,48,49,55,57,61,70,79
0728,5,6,17,30,36,54,65,70,71,72,73,79,80,85,90
0729,3,15,16,17,18,23,24,30,49,63,69,77,81,82,88
0730,2,5,9,10,15,20,25,28,29,36,43,45,48,61,64
0731,2,7,13,19,26,30,32,46,47,50,53,69,73,82,84
0732,4,5,10,19,33,36,38,40,41,42,44,55,68,76,80
0733,2,19,20,25,27,32,39,46,47,50,54,58,60,68,69
0734,11,15,17,23,26,32,45,57,67,68,70,73,82,88,89
0735,4,7,8,14,17,18,20,25,26,30,52,56,86,89,90
0736,2,12,16,20,25,28,29,33,37,46,61,62,69,72,88
0737,9,14,21,22,23,33,37,43,51,56,64,66,72,73,84
0738,6,7,8,14,19,24,27,32,36,41,44,48,60,61,64
0739,29,30,34,40,50,57,58,60,61,62,63,64,83,87,90
0740,8,28,32,33,51,54,64,66,67,68,70,74,86,88,89
0741,4,7,20,23,24,25,31,35,39,50,55,69,71,75,87
0742,4,6,10,17,20,21,24,35,42,47,64,72,82,87,88
0743,4,6,7,17,24,31,40,41,55,56,59,66,69,75,86
0744,2,4,20,24,38,39,42,45,50,57,68,70,72,77,85
0745,2,8,23,26,27,28,42,43,51,64,66,67,71,76,89
0746,1,10,12,15,18,30,55,58,59,67,73,81,83,86,87
0747,5,8,15,18,33,37,38,46,49,60,69,77,80,87,89
0748,3,7,20,32,33,34,36,47,50,51,58,67,73,81,89
0749,5,14,23,32,34,38,47,52,56,57,62,66,75,79,86
0750,9,12,14,15,30,33,35,42,51,52,54,59,83,85,87
0751,5,9,20,21,40,46,50,64,66,67,77,84,86,87,89
0752,1,10,11,17,21,24,29,41,43,45,62,69,74,76,81
0753,2,9,10,22,24,25,26,30,33,44,52,57,74,85,89
0754,3,13,17,25,31,36,41,43,47,51,55,61,62,84,86
0755,13,25,26,27,28,32,35,36,40,42,51,56,64,67,87
0756,8,9,12,13,14,21,22,26,45,59,67,69,73,77,80
0757,11,24,26,37,40,47,50,55,57,66,68,76,84,88,90
0758,2,20,24,25,30,31,37,52,56,57,58,66,71,75,77
0759,16,23,24,35,38,43,45,46,50,59,60,67,70,72,77
0760,2,6,17,20,24,37,46,49,52,58,59,61,77,78,87
0761,2,3,9,21,32,42,44,45,53,54,57,58,61,70,78
0762,15,16,25,27,32,33,35,37,46,65,75,79,82,83,84
0763,6,11,24,31,33,34,44,45,49,59,62,75,77,82,83
0764,6,10,13,15,26,27,37,58,59,60,70,72,77,86,87
0765,1,11,24,30,35,40,53,56,68,75,77,78,80,81,84
0766,3,29,49,56,60,61,62,65,73,80,83,85,88,89,90
0767,10,14,20,22,24,27,28,40,46,55,60,63,69,74,80
0768,2,8,16,24,28,34,35,46,67,73,75,76,83,85,89
0769,6,11,12,27,28,30,36,40,46,53,63,70,82,85,89
0770,5,7,11,21,24,44,50,55,56,60,74,76,80,84,88
0771,10,20,30,31,32,34,38,40,42,51,69,73,76,87,90
0772,2,3,14,15,24,41,43,46,48,53,68,73,74,80,87
0773,6,10,13,22,25,35,43,49,57,65,69,70,71,73,84
0774,2,12,15,17,23,27,29,38,49,53,63,74,79,82,89
0775,5,6,9,16,24,28,39,42,54,55,56,65,67,72,80
0776,9,11,20,25,36,42,50,51,53,54,65,73,77,78,82
0777,1,5,6,8,27,38,39,42,46,49,62,78,84,89,90
0778,12,18,20,26,38,45,46,49,56,64,71,78,79,87,90
0779,1,8,27,29,30,32,33,37,43,47,66,67,81,85,89
0780,13,15,19,25,36,44,46,56,58,60,62,68,70,75,88
0781,3,9,13,21,22,28,37,48,49,58,63,65,79,86,89
0782,7,8,9,18,26,29,33,39,40,45,48,50,60,66,88
0783,8,11,17,31,32,46,50,62,68,72,76,83,84,85,87
0784,1,5,8,23,27,33,36,41,50,59,63,69,76,79,85
0785,8,17,18,19,21,33,36,40,45,61,63,65,69,77,90
0786,5,6,8,12,14,15,20,22,28,52,53,69,70,71,87
0787,2,6,8,11,19,24,29,38,58,66,75,76,78,79,90
0788,1,2,15,20,23,31,43,46,49,61,71,82,83,88,89
0789,5,8,14,18,19,26,28,37,46,55,70,76,83,88,90
0790,5,8,10,12,23,35,36,38,45,46,51,59,62,69,72
0791,11,22,23,31,37,39,40,41,44,53,55,61,72,75,85
0792,3,7,14,16,17,26,33,35,38,57,60,72,75,83,89
0793,1,6,16,22,23,25,28,32,48,65,66,70,84,86,88
0794,2,9,10,11,14,23,30,31,32,56,65,66,69,82,85
0795,5,15,18,24,26,30,31,34,35,51,63,67,71,75,79
0796,1,2,17,20,22,26,27,33,48,61,62,64,76,78,90
0797,3,9,19,20,24,31,38,42,62,69,72,78,81,83,90
0798,6,12,18,24,29,30,32,44,46,48,50,72,84,86,87
0799,7,9,11,13,29,39,43,51,59,61,62,64,75,84,89
0800,4,6,11,16,21,33,43,50,54,55,56,58,69,75,81
0801,1,6,10,12,13,27,32,33,55,56,57,58,59,79,88
0802,3,14,19,28,32,35,52,63,67,68,69,79,81,84,87
0803,12,13,14,15,20,24,26,40,42,46,47,54,59,65,71
0804,3,4,10,12,17,30,32,47,48,53,59,66,81,84,86
0805,10,23,29,33,38,41,43,45,52,57,59,62,66,73,84
0806,6,19,34,40,54,65,66,71,72,78,81,85,86,89,90
0807,14,17,20,22,24,25,26,29,45,52,66,68,75,78,82
0808,3,8,9,13,19,20,21,22,25,27,34,41,63,69,75
0809,2,6,11,13,14,19,24,25,48,49,64,66,70,79,82
0810,11,14,20,22,35,44,46,47,53,57,64,76,79,87,90
0811,1,19,22,23,36,43,45,50,52,54,57,65,66,73,76
0812,4,6,14,24,25,28,29,33,38,44,55,59,61,73,83
0813,9,11,13,18,22,40,46,48,54,58,61,72,84,85,87
0814,1,3,13,14,16,20,21,27,36,37,39,66,68,80,84
0815,7,13,16,21,26,34,37,45,56,66,70,73,75,82,89
0816,2,22,35,39,46,59,60,70,75,78,79,80,82,86,87
0817,4,8,10,14,30,34,37,55,56,57,67,69,76,84,88
0818,2,6,11,25,38,40,52,56,65,66,73,75,76,77,78
0819,2,9,15,18,20,24,45,50,55,61,69,71,81,84,89
0820,4,8,28,33,39,48,49,53,54,55,69,73,79,84,86
0821,7,12,18,20,24,28,29,31,42,45,46,60,61,74,81
0822,10,17,18,21,32,35,38,41,44,47,48,50,51,60,85
0823,15,16,19,25,33,37,58,61,62,63,66,72,76,84,89
0824,5,13,14,20,23,34,37,55,62,63,69,77,79,82,87
0825,10,21,22,27,31,32,34,39,40,44,48,57,62,72,88
0826,10,42,47,48,49,52,60,62,68,71,75,78,79,80,90
0827,1,11,19,20,34,36,37,45,49,55,59,67,77,83,86
0828,3,15,24,29,30,41,44,50,52,56,69,71,72,75,83
0829,6,11,12,16,17,42,47,57,62,63,65,68,69,72,73
0830,1,2,5,6,24,33,38,40,46,47,55,58,65,68,81
0831,3,6,11,15,16,18,36,39,40,49,57,60,62,64,71
0832,3,5,6,9,13,14,19,23,30,38,41,58,62,68,87
0833,11,12,25,29,34,35,53,59,60,63,65,68,72,76,79
0834,1,8,14,15,34,41,53,55,56,67,80,81,84,86,89
0835,2,6,16,45,50,53,56,62,70,75,76,81,82,88,89
0836,8,11,13,14,18,19,22,51,63,67,71,72,74,78,90
0837,19,20,22,23,30,34,36,41,47,48,56,61,80,84,85
0838,7,14,17,27,37,48,56,59,67,71,72,84,85,88,89
0839,7,16,28,31,34,42,44,58,60,68,70,79,81,82,85
0840,4,5,8,11,14,18,24,26,28,40,41,48,53,67,89
0841,4,11,17,24,27,28,40,43,49,55,78,81,82,86,88
0842,1,3,19,28,38,39,45,60,61,63,68,73,77,78,80
0843,9,11,16,21,26,27,30,31,34,44,45,46,72,79,87
0844,22,26,30,34,40,48,50,58,61,62,63,75,84,86,88
0845,3,5,13,15,16,22,36,39,46,49,50,55,76,79,87
0846,1,6,7,12,16,17,24,36,38,48,51,55,65,84,85
0847,5,14,16,24,25,30,39,42,44,54,56,68,70,83,84
0848,1,3,10,23,30,31,38,47,49,50,55,85,86,88,89
0849,12,13,18,19,24,25,28,30,39,43,59,67,76,80,85
0850,7,19,29,33,36,38,41,44,45,46,47,53,70,80,81
0851,7,14,30,37,44,50,56,57,59,60,74,75,76,86,89
0852,5,6,12,18,30,41,43,44,46,47,50,51,66,74,80
0853,2,5,7,9,14,32,42,44,49,50,51,52,78,87,90
0854,2,7,17,23,25,40,43,44,48,70,73,74,79,82,89
0855,11,17,19,23,29,36,46,47,50,53,60,66,70,76,80
0856,8,23,26,29,33,43,44,53,55,57,68,69,72,76,90
0857,3,8,9,19,41,45,47,48,52,72,76,77,84,88,90
0858,5,19,24,41,48,52,57,59,60,63,76,77,78,79,87
0859,16,34,35,36,41,42,43,45,52,56,68,78,79,82,88
0860,5,6,7,10,14,24,26,30,36,54,55,58,67,77,80
0861,8,9,15,22,26,38,42,47,52,54,55,57,61,81,85
0862,3,5,12,17,18,23,30,31,37,39,49,56,57,64,72
0863,16,26,33,35,48,50,55,56,63,65,71,73,75,76,90
0864,14,18,20,28,32,45,48,50,69,72,76,78,80,84,89
0865,4,10,22,43,48,49,55,61,64,69,71,74,76,81,82
0866,5,11,12,17,23,24,30,33,42,58,66,67,76,82,86
0867,12,18,21,24,25,33,47,49,56,57,64,76,82,84,90
0868,6,32,33,34,37,41,51,57,59,63,66,69,70,81,85
0869,2,30,34,37,39,43,46,49,60,66,74,75,79,80,89
0870,1,4,11,12,16,21,22,30,35,38,51,57,64,84,87
0871,17,22,28,29,38,39,54,62,63,64,78,82,83,84,90
0872,5,7,22,30,34,39,46,48,55,57,60,70,73,77,85
0873,15,22,23,24,25,27,31,40,42,46,49,53,63,78,84
0874,8,21,23,26,39,40,41,44,47,48,66,77,86,87,90
0875,2,5,24,30,31,33,42,53,55,58,60,70,71,74,75
0876,2,9,11,13,14,21,25,29,43,54,56,73,76,79,90
0877,1,6,7,14,20,27,28,34,37,42,59,69,71,88,89
0878,3,4,9,10,16,25,42,43,45,46,66,67,69,80,81
0879,7,16,20,38,41,43,47,48,60,63,72,74,77,82,87
0880,3,7,13,16,22,23,30,32,49,58,61,71,73,80,83
0881,1,6,22,30,35,39,43,46,58,62,68,70,75,81,84
0882,1,10,24,27,28,35,38,60,61,65,69,72,76,84,87
0883,6,11,18,23,25,26,27,29,33,41,56,65,72,78,87
0884,6,13,20,24,29,32,35,38,44,50,57,63,70,76,84
0885,6,14,15,16,27,43,48,50,59,74,78,79,84,85,87
0886,1,2,10,15,30,32,42,44,63,69,71,76,78,86,88
0887,3,5,14,16,19,27,39,42,47,66,71,73,78,82,85
0888,7,27,28,37,49,51,56,66,72,75,82,83,84,86,88
0889,1,3,7,9,26,27,50,52,53,54,56,60,61,76,87
0890,6,12,29,36,37,38,53,60,69,77,81,82,83,85,89
0891,7,14,18,21,24,27,31,34,42,46,55,57,73,87,89
0892,11,19,21,23,32,36,47,52,59,63,76,81,85,87,88
0893,3,7,11,23,27,42,46,53,61,65,73,80,86,88,90
0894,13,14,21,22,23,27,32,45,50,57,62,70,80,84,87
0895,5,20,23,31,38,40,43,51,52,54,59,62,63,76,89
0896,1,10,13,36,38,42,43,44,62,74,76,77,79,82,86
0897,5,21,24,25,32,40,45,46,55,56,59,81,84,85,89
0898,3,16,23,25,26,34,36,41,43,46,49,69,77,88,90
0899,5,15,26,29,33,34,36,43,46,51,54,57,58,77,84
0900,5,16,24,26,31,43,55,56,57,67,76,81,83,86,90
0901,1,7,24,25,27,28,30,38,39,48,58,66,76,79,81
0902,2,13,19,20,29,39,41,52,56,57,58,59,62,69,85
0903,3,16,24,27,32,36,45,48,59,61,62,68,73,77,85
0904,3,5,14,15,32,37,38,40,42,47,52,58,62,67,89
0905,4,9,15,20,21,22,29,36,38,41,43,53,64,72,83
0906,2,4,21,22,24,25,30,38,44,45,50,64,78,80,86
0907,4,6,22,26,27,29,38,49,63,64,67,71,78,79,82
0908,11,12,14,16,19,21,26,28,33,34,57,64,77,81,82
0909,1,10,16,18,31,37,41,48,49,59,63,67,78,84,89
0910,4,6,10,17,29,35,39,43,48,72,74,75,85,89,90
0911,6,12,18,21,24,34,49,50,53,57,70,72,87,88,90
0912,5,16,20,25,30,34,42,51,52,57,58,63,66,71,79
0913,5,7,9,13,23,25,35,41,43,46,59,65,70,89,90
0914,1,5,21,23,34,37,44,48,53,57,62,74,76,78,90
0915,2,6,9,13,17,27,33,41,42,45,67,72,79,84,88
0916,14,17,20,21,27,31,37,56,57,65,66,73,74,88,90
0917,3,15,16,25,28,32,33,50,55,60,61,70,72,74,80
0918,14,22,26,28,40,44,45,56,69,74,77,80,82,85,87
0919,3,14,23,25,29,31,36,39,42,53,54,63,83,89,90
0920,19,20,30,31,35,43,48,50,52,63,69,70,79,88,90
0921,28,29,36,38,39,53,57,62,63,64,67,69,82,84,90
0922,1,3,6,22,23,26,46,53,58,70,76,80,87,88,90
0923,3,10,19,22,24,40,47,51,53,64,66,68,78,80,82
0924,2,4,7,15,18,23,25,32,57,60,73,77,78,84,88
0925,2,3,7,10,18,20,25,26,43,48,57,64,66,71,89
0926,4,11,15,16,20,44,51,62,64,65,69,78,84,86,89
0927,9,11,18,19,24,26,31,32,34,42,47,56,63,76,87
0928,5,18,20,21,22,33,34,37,41,52,54,58,82,84,86
0929,10,12,16,17,21,33,36,51,53,55,56,69,76,78,81
0930,3,9,23,33,39,51,52,53,55,62,63,79,80,84,87
0931,1,5,7,9,33,44,50,55,57,58,61,79,83,89,90
0932,4,9,18,22,23,25,29,34,44,52,61,67,69,79,88
0933,16,18,22,41,44,49,52,59,68,69,73,75,76,81,88
0934,2,4,7,13,28,33,44,46,70,73,76,79,83,86,89
0935,2,7,13,22,25,35,42,46,51,71,72,74,76,79,90
0936,12,15,20,22,26,28,38,42,44,50,57,59,62,76,88
0937,3,23,27,28,34,35,37,50,54,62,76,81,82,88,90
0938,1,2,14,40,45,46,50,52,61,67,70,75,77,81,85
0939,2,4,14,23,28,30,36,38,50,56,57,72,74,75,87
0940,2,4,9,17,19,31,33,36,39,48,61,63,77,80,86
0941,7,11,18,34,35,36,38,43,48,53,72,75,82,84,86
0942,11,12,13,22,23,26,27,33,35,46,72,79,82,87,88
0943,3,18,21,25,27,35,36,46,47,56,63,64,71,73,85
0944,1,7,10,16,20,22,26,37,39,44,53,54,59,81,88
0945,16,22,37,45,46,47,55,58,66,71,74,75,76,81,84
0946,4,6,10,11,21,29,34,35,40,43,45,59,65,69,77
0947,7,8,9,13,18,28,37,39,43,58,59,68,70,77,85
0948,3,9,13,17,27,34,36,41,43,48,53,55,58,63,85
0949,1,8,11,12,20,28,31,46,47,52,57,71,80,81,88
0950,24,31,34,38,47,48,52,58,64,69,71,75,79,81,90
0951,11,14,23,27,33,44,51,57,63,66,70,76,77,83,89
0952,3,7,14,18,19,22,29,32,35,47,59,67,68,80,85
0953,10,12,21,27,37,43,48,53,60,63,65,68,82,83,90
0954,5,15,23,32,34,38,42,61,63,64,66,68,81,84,88
0955,6,19,24,40,43,45,48,53,59,63,71,80,81,85,87
0956,19,23,26,27,28,32,40,42,47,54,63,66,73,82,90
0957,4,16,29,33,39,41,48,52,53,55,76,77,78,83,84
0958,7,19,22,31,33,42,43,45,50,51,54,59,71,79,87
0959,1,9,19,25,26,31,32,45,52,57,68,70,72,80,89
0960,9,14,22,23,27,35,41,43,45,50,72,78,80,81,89
0961,9,13,22,34,35,40,42,46,76,78,79,80,82,85,87
0962,9,18,23,27,30,40,44,46,59,64,68,69,73,82,87
0963,2,5,6,11,24,29,40,45,52,67,69,72,78,85,88
0964,2,15,26,30,38,42,45,59,61,67,68,77,82,83,89
0965,11,25,26,31,37,43,44,45,50,63,68,74,81,89,90
0966,2,3,12,23,28,35,43,44,50,57,65,74,78,80,82
0967,5,8,10,12,18,19,20,22,29,41,51,54,56,79,89
0968,1,4,8,10,11,14,18,24,25,50,56,57,64,75,90
0969,4,5,6,11,20,28,33,38,44,48,53,54,72,78,85
0970,4,23,25,26,28,31,41,51,54,57,66,73,82,83,89
0971,8,18,21,23,26,28,31,35,44,50,52,67,70,78,81
0972,3,11,12,14,17,18,37,40,45,50,72,76,83,86,89
0973,4,8,10,17,25,36,40,56,66,73,75,76,78,80,88
0974,1,7,24,26,35,39,43,49,54,65,66,71,72,75,84
0975,10,15,25,26,30,41,44,54,55,56,57,59,74,85,86
0976,6,24,32,33,36,42,47,50,73,76,78,79,84,85,88
0977,12,24,34,41,51,52,53,55,58,64,69,70,74,75,80
0978,3,17,27,29,30,34,44,45,63,81,83,85,86,88,89
0979,6,13,22,24,26,27,34,38,52,55,58,72,73,81,84
0980,5,10,13,15,17,26,43,45,47,55,58,67,68,72,85
0981,6,12,20,27,31,35,40,43,44,46,57,59,64,75,80
0982,1,11,12,15,16,23,33,47,48,55,62,69,75,80,89
0983,7,13,14,17,24,28,30,39,47,60,65,70,73,82,88
0984,4,10,12,24,32,34,41,49,52,59,62,68,69,74,83
0985,1,3,4,12,14,15,25,39,40,44,53,54,56,60,70
0986,2,9,15,18,20,23,27,28,29,34,44,68,73,82,88
0987,7,14,15,22,35,39,44,47,50,54,63,70,71,80,89
0988,26,27,30,45,46,47,49,59,63,65,72,74,76,81,90
0989,8,32,39,44,45,49,51,56,61,65,69,73,75,79,81
0990,18,24,25,28,35,49,57,59,60,62,64,70,83,89,90
0991,1,12,13,17,18,21,37,49,51,61,65,70,84,85,87
0992,4,8,11,12,29,30,34,36,40,53,56,64,81,87,88
0993,4,15,22,24,50,52,53,54,67,74,77,82,83,85,90
0994,4,8,13,18,19,26,28,40,48,50,54,61,65,76,87
0995,10,12,21,28,29,37,40,43,46,52,72,79,83,85,90
0996,6,22,26,28,34,42,48,50,53,63,67,70,78,79,86
0997,1,2,3,9,22,26,27,34,35,60,61,68,82,86,87
0998,5,11,13,31,37,38,41,42,46,58,59,61,70,75,87
0999,4,10,13,14,16,17,18,30,31,38,43,44,62,64,68
1000,1,2,4,16,18,23,27,29,39,45,50,52,65,86,90
